PolygonLayer1_label,Value0
,13.4
,20.9
,9.2
,17.0
,17.1
,6.9
,9.3
,14.9
,11.4
,14.4
,11.0
,10.8
,15.3
,23.1
,14.7
,15.0
,9.8
,7.5
,12.5
,17.4
,8.3
,22.3
,14.0
,13.4
,28.7
,15.6
,13.1
,9.5
,12.7
,12.4
,12.2
,24.4
,16.7
,8.3
,17.7
,15.3
,9.3
,16.7
,21.4
,11.1
,19.2
,11.4
,16.0
,6.2
,16.9
,12.7
,7.5
,15.9
,13.5
,11.3
,12.7
,17.9
,9.0
,12.4
,19.8
,18.6
,11.1
,13.7
,18.7
,15.5
,14.3
,6.9
,20.5
,18.9
,25.5
,16.3
,20.0
,17.0
,13.6
,19.1
,7.9
,17.6
,12.6
,20.0
,15.4
,9.4
,13.3
,17.7
,16.8
,7.4
,12.9
,13.3
,22.3
,11.1
,9.9
,20.6
,9.2
,7.3
,13.2
,14.3
,14.2
,13.6
,18.1
,15.3
,8.5
,17.6
,18.6
,14.7
,10.7
,15.0
,10.4
,15.9
,15.6
,9.5
,20.0
,9.6
,9.5
,14.2
,23.9
,14.0
,12.9
,9.4
,12.7
,20.0
,15.7
,24.2
,12.6
,12.1
,6.9
,13.6
,12.7
,17.3
,22.2
,18.3
,20.1
,20.1
,9.5
,19.5
,17.5
,9.2
,6.7
,10.8
,11.3
,11.6
,15.7
,12.4
,17.9
,20.8
,16.3
,19.6
,17.6
,10.0
,24.0
,10.6
,10.6
,13.8
,14.4
,16.8
,11.3
,17.0
,10.9
,3.9
,15.8
,14.4
,16.2
,17.0
,9.7
,17.4
,20.0
,11.1
,9.8
,17.3
,20.0
,11.2
,19.1
,9.7
,17.4
,14.4
,18.7
,12.4
,8.2
,10.6
,17.0
,16.3
,19.5
,14.8
,21.3
,17.2
,17.5
,9.2
,14.0
,15.1
,13.9
,15.3
,8.0
,12.2
,16.5
,15.0
,20.8
,19.4
,13.6
,9.6
,8.3
,16.4
,15.7
,19.0
,15.3
,6.4
,14.2
,4.8
,14.3
,14.2
,16.0
,19.6
,16.1
,14.8
,17.4
,13.2
,13.8
,12.5
,18.0
,11.3
,12.7
,8.3
,25.2
,15.6
,10.2
,14.3
,11.7
,19.6
,10.5
,12.2
,14.0
,18.5
,13.5
,14.3
,12.0
,10.2
,16.8
,18.9
,12.6
,12.1
,19.0
,15.6
,12.9
,16.5
,18.0
,12.6
,9.8
,11.7
,19.9
,13.8
,13.5
,16.0
,14.6
,24.7
,5.6
,9.4
,11.8
,10.0
,13.5
,10.8
,14.8
,24.6
,27.2

PolygonLayer2_label,Value0
,11.9
,14.9
,9.6
,12.8
,15.2
,11.5
,9.0
,9.7
,10.9
,15.0
,12.4
,14.0
,8.9
,10.1
,11.0
,11.6
,10.2
,10.6
,14.9
,17.8
,10.6
,9.0
,9.4
,12.6
,8.3
,18.7
,12.1
,12.4
,9.2
,12.5
,7.0
,9.4
,16.8
,12.7
,12.9
,10.2
,12.6
,14.3
,11.0
,10.9
,10.6
,13.8
,11.6
,13.6
,13.4
,7.3
,9.4
,9.2
,9.5
,15.8
,10.0
,9.2

Textbox105,Textbox106,fips2,county2,ruc_code2,total_est_pct3,total_est_pct_Bmin3,total_est_pct_Bmax3,under18_pct3,under18_pct_Bmin3,under18_pct_Bmax3
All people in poverty (2020),Children ages 0-17 in poverty (2020),48000,Texas,,13.4,13.2,13.6,18.8,18.2,19.4
All people in poverty (2020),Children ages 0-17 in poverty (2020),48001,Anderson,7,20.9,16.4,25.4,27.6,21.5,33.7
All people in poverty (2020),Children ages 0-17 in poverty (2020),48003,Andrews,6,9.2,6.8,11.6,12.0,8.1,15.9
All people in poverty (2020),Children ages 0-17 in poverty (2020),48005,Angelina,5,17.0,13.6,20.4,25.1,18.7,31.5
All people in poverty (2020),Children ages 0-17 in poverty (2020),48007,Aransas,2,17.1,12.9,21.3,30.8,21.4,40.2
All people in poverty (2020),Children ages 0-17 in poverty (2020),48009,Archer,3,6.9,4.8,9.0,11.2,7.5,14.9
All people in poverty (2020),Children ages 0-17 in poverty (2020),48011,Armstrong,2,9.3,6.8,11.8,12.4,8.2,16.6
All people in poverty (2020),Children ages 0-17 in poverty (2020),48013,Atascosa,1,14.9,11.1,18.7,22.0,14.7,29.3
All people in poverty (2020),Children ages 0-17 in poverty (2020),48015,Austin,1,11.4,8.8,14.0,18.0,13.0,23.0
All people in poverty (2020),Children ages 0-17 in poverty (2020),48017,Bailey,7,14.4,10.6,18.2,23.3,15.6,31.0
All people in poverty (2020),Children ages 0-17 in poverty (2020),48019,Bandera,1,11.0,8.2,13.8,21.3,14.3,28.3
All people in poverty (2020),Children ages 0-17 in poverty (2020),48021,Bastrop,1,10.8,8.1,13.5,16.4,11.1,21.7
All people in poverty (2020),Children ages 0-17 in poverty (2020),48023,Baylor,8,15.3,11.4,19.2,21.8,14.6,29.0
All people in poverty (2020),Children ages 0-17 in poverty (2020),48025,Bee,6,23.1,16.8,29.4,26.1,17.3,34.9
All people in poverty (2020),Children ages 0-17 in poverty (2020),48027,Bell,2,14.7,12.5,16.9,21.4,16.8,26.0
All people in poverty (2020),Children ages 0-17 in poverty (2020),48029,Bexar,1,15.0,13.8,16.2,20.5,18.0,23.0
All people in poverty (2020),Children ages 0-17 in poverty (2020),48031,Blanco,8,9.8,7.5,12.1,14.6,9.9,19.3
All people in poverty (2020),Children ages 0-17 in poverty (2020),48033,Borden,8,7.5,5.5,9.5,8.5,5.7,11.3
All people in poverty (2020),Children ages 0-17 in poverty (2020),48035,Bosque,6,12.5,9.4,15.6,19.2,12.8,25.6
All people in poverty (2020),Children ages 0-17 in poverty (2020),48037,Bowie,3,17.4,14.4,20.4,23.4,17.8,29.0
All people in poverty (2020),Children ages 0-17 in poverty (2020),48039,Brazoria,1,8.3,6.4,10.2,10.0,6.6,13.4
All people in poverty (2020),Children ages 0-17 in poverty (2020),48041,Brazos,3,22.3,20.4,24.2,19.5,15.1,23.9
All people in poverty (2020),Children ages 0-17 in poverty (2020),48043,Brewster,7,14.0,10.9,17.1,16.6,11.1,22.1
All people in poverty (2020),Children ages 0-17 in poverty (2020),48045,Briscoe,9,13.4,9.8,17.0,22.8,15.2,30.4
All people in poverty (2020),Children ages 0-17 in poverty (2020),48047,Brooks,7,28.7,21.9,35.5,45.0,30.8,59.2
All people in poverty (2020),Children ages 0-17 in poverty (2020),48049,Brown,5,15.6,12.2,19.0,22.3,15.7,28.9
All people in poverty (2020),Children ages 0-17 in poverty (2020),48051,Burleson,3,13.1,9.7,16.5,19.9,13.3,26.5
All people in poverty (2020),Children ages 0-17 in poverty (2020),48053,Burnet,6,9.5,7.0,12.0,16.4,10.9,21.9
All people in poverty (2020),Children ages 0-17 in poverty (2020),48055,Caldwell,1,12.7,9.6,15.8,18.6,12.7,24.5
All people in poverty (2020),Children ages 0-17 in poverty (2020),48057,Calhoun,6,12.4,8.9,15.9,21.4,14.3,28.5
All people in poverty (2020),Children ages 0-17 in poverty (2020),48059,Callahan,3,12.2,9.1,15.3,19.0,12.5,25.5
All people in poverty (2020),Children ages 0-17 in poverty (2020),48061,Cameron,2,24.4,21.5,27.3,34.6,29.4,39.8
All people in poverty (2020),Children ages 0-17 in poverty (2020),48063,Camp,6,16.7,12.8,20.6,24.8,16.8,32.8
All people in poverty (2020),Children ages 0-17 in poverty (2020),48065,Carson,2,8.3,6.2,10.4,10.7,7.1,14.3
All people in poverty (2020),Children ages 0-17 in poverty (2020),48067,Cass,6,17.7,14.2,21.2,25.6,17.9,33.3
All people in poverty (2020),Children ages 0-17 in poverty (2020),48069,Castro,6,15.3,11.5,19.1,20.4,13.9,26.9
All people in poverty (2020),Children ages 0-17 in poverty (2020),48071,Chambers,1,9.3,7.6,11.0,11.0,8.0,14.0
All people in poverty (2020),Children ages 0-17 in poverty (2020),48073,Cherokee,6,16.7,13.0,20.4,24.4,17.5,31.3
All people in poverty (2020),Children ages 0-17 in poverty (2020),48075,Childress,7,21.4,16.2,26.6,24.1,16.6,31.6
All people in poverty (2020),Children ages 0-17 in poverty (2020),48077,Clay,3,11.1,8.7,13.5,14.6,10.0,19.2
All people in poverty (2020),Children ages 0-17 in poverty (2020),48079,Cochran,9,19.2,14.5,23.9,29.4,20.4,38.4
All people in poverty (2020),Children ages 0-17 in poverty (2020),48081,Coke,8,11.4,8.3,14.5,18.0,12.0,24.0
All people in poverty (2020),Children ages 0-17 in poverty (2020),48083,Coleman,6,16.0,11.9,20.1,28.1,18.8,37.4
All people in poverty (2020),Children ages 0-17 in poverty (2020),48085,Collin,1,6.2,5.3,7.1,6.7,5.2,8.2
All people in poverty (2020),Children ages 0-17 in poverty (2020),48087,Collingsworth,9,16.9,13.0,20.8,25.5,17.7,33.3
All people in poverty (2020),Children ages 0-17 in poverty (2020),48089,Colorado,6,12.7,9.5,15.9,18.4,11.8,25.0
All people in poverty (2020),Children ages 0-17 in poverty (2020),48091,Comal,1,7.5,6.0,9.0,9.4,6.2,12.6
All people in poverty (2020),Children ages 0-17 in poverty (2020),48093,Comanche,7,15.9,12.0,19.8,24.0,16.2,31.8
All people in poverty (2020),Children ages 0-17 in poverty (2020),48095,Concho,8,13.5,10.1,16.9,20.9,14.3,27.5
All people in poverty (2020),Children ages 0-17 in poverty (2020),48097,Cooke,6,11.3,8.5,14.1,16.1,10.7,21.5
All people in poverty (2020),Children ages 0-17 in poverty (2020),48099,Coryell,2,12.7,9.5,15.9,16.8,11.3,22.3
All people in poverty (2020),Children ages 0-17 in poverty (2020),48101,Cottle,9,17.9,13.4,22.4,31.7,21.2,42.2
All people in poverty (2020),Children ages 0-17 in poverty (2020),48103,Crane,6,9.0,6.6,11.4,12.9,8.6,17.2
All people in poverty (2020),Children ages 0-17 in poverty (2020),48105,Crockett,7,12.4,9.2,15.6,17.7,11.8,23.6
All people in poverty (2020),Children ages 0-17 in poverty (2020),48107,Crosby,2,19.8,14.7,24.9,30.3,20.0,40.6
All people in poverty (2020),Children ages 0-17 in poverty (2020),48109,Culberson,9,18.6,13.9,23.3,29.4,19.6,39.2
All people in poverty (2020),Children ages 0-17 in poverty (2020),48111,Dallam,7,11.1,8.3,13.9,16.0,10.8,21.2
All people in poverty (2020),Children ages 0-17 in poverty (2020),48113,Dallas,1,13.7,12.6,14.8,20.1,18.0,22.2
All people in poverty (2020),Children ages 0-17 in poverty (2020),48115,Dawson,7,18.7,14.0,23.4,24.4,16.5,32.3
All people in poverty (2020),Children ages 0-17 in poverty (2020),48117,Deaf Smith,6,15.5,11.6,19.4,22.6,15.7,29.5
All people in poverty (2020),Children ages 0-17 in poverty (2020),48119,Delta,8,14.3,10.6,18.0,21.5,14.4,28.6
All people in poverty (2020),Children ages 0-17 in poverty (2020),48121,Denton,1,6.9,5.8,8.0,7.6,6.0,9.2
All people in poverty (2020),Children ages 0-17 in poverty (2020),48123,DeWitt,6,20.5,16.9,24.1,27.6,20.9,34.3
All people in poverty (2020),Children ages 0-17 in poverty (2020),48125,Dickens,8,18.9,13.8,24.0,27.7,18.4,37.0
All people in poverty (2020),Children ages 0-17 in poverty (2020),48127,Dimmit,6,25.5,20.2,30.8,34.4,24.6,44.2
All people in poverty (2020),Children ages 0-17 in poverty (2020),48129,Donley,8,16.3,12.1,20.5,24.8,16.6,33.0
All people in poverty (2020),Children ages 0-17 in poverty (2020),48131,Duval,7,20.0,14.3,25.7,32.1,21.2,43.0
All people in poverty (2020),Children ages 0-17 in poverty (2020),48133,Eastland,6,17.0,13.2,20.8,23.2,15.8,30.6
All people in poverty (2020),Children ages 0-17 in poverty (2020),48135,Ector,3,13.6,11.2,16.0,17.9,13.8,22.0
All people in poverty (2020),Children ages 0-17 in poverty (2020),48137,Edwards,9,19.1,14.1,24.1,31.8,21.1,42.5
All people in poverty (2020),Children ages 0-17 in poverty (2020),48139,Ellis,1,7.9,6.0,9.8,11.1,7.7,14.5
All people in poverty (2020),Children ages 0-17 in poverty (2020),48141,El Paso,2,17.6,15.7,19.5,22.7,18.7,26.7
All people in poverty (2020),Children ages 0-17 in poverty (2020),48143,Erath,4,12.6,9.8,15.4,15.5,10.3,20.7
All people in poverty (2020),Children ages 0-17 in poverty (2020),48145,Falls,2,20.0,14.9,25.1,25.2,16.9,33.5
All people in poverty (2020),Children ages 0-17 in poverty (2020),48147,Fannin,6,15.4,12.3,18.5,17.5,12.2,22.8
All people in poverty (2020),Children ages 0-17 in poverty (2020),48149,Fayette,6,9.4,7.0,11.8,14.4,9.7,19.1
All people in poverty (2020),Children ages 0-17 in poverty (2020),48151,Fisher,8,13.3,9.9,16.7,17.6,11.8,23.4
All people in poverty (2020),Children ages 0-17 in poverty (2020),48153,Floyd,6,17.7,13.2,22.2,29.5,19.7,39.3
All people in poverty (2020),Children ages 0-17 in poverty (2020),48155,Foard,9,16.8,12.5,21.1,29.9,20.0,39.8
All people in poverty (2020),Children ages 0-17 in poverty (2020),48157,Fort Bend,1,7.4,6.0,8.8,9.4,6.9,11.9
All people in poverty (2020),Children ages 0-17 in poverty (2020),48159,Franklin,7,12.9,9.4,16.4,20.4,13.4,27.4
All people in poverty (2020),Children ages 0-17 in poverty (2020),48161,Freestone,7,13.3,9.7,16.9,16.7,10.9,22.5
All people in poverty (2020),Children ages 0-17 in poverty (2020),48163,Frio,6,22.3,16.2,28.4,28.8,19.3,38.3
All people in poverty (2020),Children ages 0-17 in poverty (2020),48165,Gaines,7,11.1,7.9,14.3,19.8,13.2,26.4
All people in poverty (2020),Children ages 0-17 in poverty (2020),48167,Galveston,1,9.9,7.9,11.9,14.1,9.8,18.4
All people in poverty (2020),Children ages 0-17 in poverty (2020),48169,Garza,6,20.6,14.7,26.5,23.4,15.6,31.2
All people in poverty (2020),Children ages 0-17 in poverty (2020),48171,Gillespie,7,9.2,7.1,11.3,15.2,11.0,19.4
All people in poverty (2020),Children ages 0-17 in poverty (2020),48173,Glasscock,8,7.3,5.4,9.2,9.9,6.5,13.3
All people in poverty (2020),Children ages 0-17 in poverty (2020),48175,Goliad,3,13.2,9.9,16.5,20.8,13.7,27.9
All people in poverty (2020),Children ages 0-17 in poverty (2020),48177,Gonzales,6,14.3,10.5,18.1,22.3,14.9,29.7
All people in poverty (2020),Children ages 0-17 in poverty (2020),48179,Gray,6,14.2,10.7,17.7,18.0,12.0,24.0
All people in poverty (2020),Children ages 0-17 in poverty (2020),48181,Grayson,3,13.6,11.4,15.8,20.8,17.0,24.6
All people in poverty (2020),Children ages 0-17 in poverty (2020),48183,Gregg,3,18.1,15.6,20.6,26.3,21.4,31.2
All people in poverty (2020),Children ages 0-17 in poverty (2020),48185,Grimes,6,15.3,11.6,19.0,20.6,14.4,26.8
All people in poverty (2020),Children ages 0-17 in poverty (2020),48187,Guadalupe,1,8.5,6.7,10.3,10.7,7.4,14.0
All people in poverty (2020),Children ages 0-17 in poverty (2020),48189,Hale,4,17.6,13.9,21.3,24.6,17.2,32.0
All people in poverty (2020),Children ages 0-17 in poverty (2020),48191,Hall,9,18.6,13.1,24.1,36.7,24.5,48.9
All people in poverty (2020),Children ages 0-17 in poverty (2020),48193,Hamilton,6,14.7,11.5,17.9,20.9,14.0,27.8
All people in poverty (2020),Children ages 0-17 in poverty (2020),48195,Hansford,7,10.7,7.9,13.5,15.4,10.2,20.6
All people in poverty (2020),Children ages 0-17 in poverty (2020),48197,Hardeman,9,15.0,11.0,19.0,23.6,15.8,31.4
All people in poverty (2020),Children ages 0-17 in poverty (2020),48199,Hardin,2,10.4,8.0,12.8,12.9,8.8,17.0
All people in poverty (2020),Children ages 0-17 in poverty (2020),48201,Harris,1,15.9,15.0,16.8,23.3,21.6,25.0
All people in poverty (2020),Children ages 0-17 in poverty (2020),48203,Harrison,4,15.6,12.7,18.5,21.9,16.3,27.5
All people in poverty (2020),Children ages 0-17 in poverty (2020),48205,Hartley,7,9.5,7.0,12.0,9.1,6.2,12.0
All people in poverty (2020),Children ages 0-17 in poverty (2020),48207,Haskell,6,20.0,14.8,25.2,25.6,16.9,34.3
All people in poverty (2020),Children ages 0-17 in poverty (2020),48209,Hays,1,9.6,7.9,11.3,9.9,6.9,12.9
All people in poverty (2020),Children ages 0-17 in poverty (2020),48211,Hemphill,7,9.5,7.0,12.0,14.5,9.7,19.3
All people in poverty (2020),Children ages 0-17 in poverty (2020),48213,Henderson,4,14.2,10.6,17.8,22.6,15.1,30.1
All people in poverty (2020),Children ages 0-17 in poverty (2020),48215,Hidalgo,2,23.9,21.2,26.6,32.5,27.6,37.4
All people in poverty (2020),Children ages 0-17 in poverty (2020),48217,Hill,6,14.0,11.2,16.8,20.4,14.8,26.0
All people in poverty (2020),Children ages 0-17 in poverty (2020),48219,Hockley,6,12.9,9.6,16.2,19.5,13.0,26.0
All people in poverty (2020),Children ages 0-17 in poverty (2020),48221,Hood,1,9.4,7.1,11.7,14.8,10.1,19.5
All people in poverty (2020),Children ages 0-17 in poverty (2020),48223,Hopkins,6,12.7,9.6,15.8,18.9,12.7,25.1
All people in poverty (2020),Children ages 0-17 in poverty (2020),48225,Houston,7,20.0,14.9,25.1,27.7,18.7,36.7
All people in poverty (2020),Children ages 0-17 in poverty (2020),48227,Howard,4,15.7,12.0,19.4,17.8,12.1,23.5
All people in poverty (2020),Children ages 0-17 in poverty (2020),48229,Hudspeth,2,24.2,18.0,30.4,33.1,22.0,44.2
All people in poverty (2020),Children ages 0-17 in poverty (2020),48231,Hunt,1,12.6,9.8,15.4,17.6,12.4,22.8
All people in poverty (2020),Children ages 0-17 in poverty (2020),48233,Hutchinson,6,12.1,9.2,15.0,15.4,10.5,20.3
All people in poverty (2020),Children ages 0-17 in poverty (2020),48235,Irion,3,6.9,5.1,8.7,7.4,4.9,9.9
All people in poverty (2020),Children ages 0-17 in poverty (2020),48237,Jack,6,13.6,9.9,17.3,18.4,12.3,24.5
All people in poverty (2020),Children ages 0-17 in poverty (2020),48239,Jackson,6,12.7,9.7,15.7,17.5,11.7,23.3
All people in poverty (2020),Children ages 0-17 in poverty (2020),48241,Jasper,6,17.3,13.5,21.1,24.9,17.9,31.9
All people in poverty (2020),Children ages 0-17 in poverty (2020),48243,Jeff Davis,9,22.2,15.3,29.1,59.7,39.0,80.4
All people in poverty (2020),Children ages 0-17 in poverty (2020),48245,Jefferson,2,18.3,16.0,20.6,25.9,21.2,30.6
All people in poverty (2020),Children ages 0-17 in poverty (2020),48247,Jim Hogg,6,20.1,14.7,25.5,30.5,19.5,41.5
All people in poverty (2020),Children ages 0-17 in poverty (2020),48249,Jim Wells,4,20.1,15.5,24.7,32.9,24.1,41.7
All people in poverty (2020),Children ages 0-17 in poverty (2020),48251,Johnson,1,9.5,7.5,11.5,11.7,8.0,15.4
All people in poverty (2020),Children ages 0-17 in poverty (2020),48253,Jones,3,19.5,14.5,24.5,21.2,14.1,28.3
All people in poverty (2020),Children ages 0-17 in poverty (2020),48255,Karnes,6,17.5,12.6,22.4,22.9,15.2,30.6
All people in poverty (2020),Children ages 0-17 in poverty (2020),48257,Kaufman,1,9.2,7.3,11.1,12.7,9.2,16.2
All people in poverty (2020),Children ages 0-17 in poverty (2020),48259,Kendall,1,6.7,5.0,8.4,8.6,5.8,11.4
All people in poverty (2020),Children ages 0-17 in poverty (2020),48261,Kenedy,9,10.8,7.9,13.7,13.8,9.3,18.3
All people in poverty (2020),Children ages 0-17 in poverty (2020),48263,Kent,9,11.3,8.4,14.2,12.3,8.2,16.4
All people in poverty (2020),Children ages 0-17 in poverty (2020),48265,Kerr,4,11.6,8.9,14.3,16.5,10.0,23.0
All people in poverty (2020),Children ages 0-17 in poverty (2020),48267,Kimble,7,15.7,11.6,19.8,32.7,21.8,43.6
All people in poverty (2020),Children ages 0-17 in poverty (2020),48269,King,9,12.4,9.1,15.7,21.3,14.1,28.5
All people in poverty (2020),Children ages 0-17 in poverty (2020),48271,Kinney,7,17.9,13.2,22.6,22.7,15.1,30.3
All people in poverty (2020),Children ages 0-17 in poverty (2020),48273,Kleberg,4,20.8,16.4,25.2,30.0,21.9,38.1
All people in poverty (2020),Children ages 0-17 in poverty (2020),48275,Knox,9,16.3,12.0,20.6,24.6,16.4,32.8
All people in poverty (2020),Children ages 0-17 in poverty (2020),48277,Lamar,5,19.6,16.7,22.5,26.9,20.9,32.9
All people in poverty (2020),Children ages 0-17 in poverty (2020),48279,Lamb,6,17.6,13.2,22.0,24.5,16.5,32.5
All people in poverty (2020),Children ages 0-17 in poverty (2020),48281,Lampasas,2,10.0,7.1,12.9,18.0,11.9,24.1
All people in poverty (2020),Children ages 0-17 in poverty (2020),48283,La Salle,6,24.0,17.4,30.6,28.3,18.3,38.3
All people in poverty (2020),Children ages 0-17 in poverty (2020),48285,Lavaca,6,10.6,7.7,13.5,14.5,9.5,19.5
All people in poverty (2020),Children ages 0-17 in poverty (2020),48287,Lee,6,10.6,7.9,13.3,15.0,10.0,20.0
All people in poverty (2020),Children ages 0-17 in poverty (2020),48289,Leon,8,13.8,10.6,17.0,17.9,11.7,24.1
All people in poverty (2020),Children ages 0-17 in poverty (2020),48291,Liberty,1,14.4,11.0,17.8,20.0,13.6,26.4
All people in poverty (2020),Children ages 0-17 in poverty (2020),48293,Limestone,6,16.8,13.0,20.6,19.7,12.6,26.8
All people in poverty (2020),Children ages 0-17 in poverty (2020),48295,Lipscomb,9,11.3,8.4,14.2,14.8,9.9,19.7
All people in poverty (2020),Children ages 0-17 in poverty (2020),48297,Live Oak,8,17.0,13.0,21.0,23.8,16.4,31.2
All people in poverty (2020),Children ages 0-17 in poverty (2020),48299,Llano,7,10.9,7.9,13.9,20.3,13.1,27.5
All people in poverty (2020),Children ages 0-17 in poverty (2020),48301,Loving,9,3.9,2.8,5.0,11.3,7.0,15.6
All people in poverty (2020),Children ages 0-17 in poverty (2020),48303,Lubbock,2,15.8,13.8,17.8,18.4,13.7,23.1
All people in poverty (2020),Children ages 0-17 in poverty (2020),48305,Lynn,2,14.4,10.9,17.9,19.6,13.3,25.9
All people in poverty (2020),Children ages 0-17 in poverty (2020),48307,McCulloch,7,16.2,11.8,20.6,27.1,18.1,36.1
All people in poverty (2020),Children ages 0-17 in poverty (2020),48309,McLennan,2,17.0,14.8,19.2,20.7,16.6,24.8
All people in poverty (2020),Children ages 0-17 in poverty (2020),48311,McMullen,9,9.7,7.1,12.3,12.0,7.9,16.1
All people in poverty (2020),Children ages 0-17 in poverty (2020),48313,Madison,6,17.4,12.9,21.9,21.6,14.5,28.7
All people in poverty (2020),Children ages 0-17 in poverty (2020),48315,Marion,8,20.0,14.9,25.1,31.1,21.0,41.2
All people in poverty (2020),Children ages 0-17 in poverty (2020),48317,Martin,3,11.1,8.2,14.0,17.0,11.3,22.7
All people in poverty (2020),Children ages 0-17 in poverty (2020),48319,Mason,9,9.8,6.9,12.7,20.1,13.4,26.8
All people in poverty (2020),Children ages 0-17 in poverty (2020),48321,Matagorda,4,17.3,13.6,21.0,24.0,16.6,31.4
All people in poverty (2020),Children ages 0-17 in poverty (2020),48323,Maverick,5,20.0,15.4,24.6,27.9,19.1,36.7
All people in poverty (2020),Children ages 0-17 in poverty (2020),48325,Medina,1,11.2,8.2,14.2,17.2,11.5,22.9
All people in poverty (2020),Children ages 0-17 in poverty (2020),48327,Menard,9,19.1,14.2,24.0,34.5,23.2,45.8
All people in poverty (2020),Children ages 0-17 in poverty (2020),48329,Midland,3,9.7,7.9,11.5,13.1,10.1,16.1
All people in poverty (2020),Children ages 0-17 in poverty (2020),48331,Milam,6,17.4,14.1,20.7,24.0,17.0,31.0
All people in poverty (2020),Children ages 0-17 in poverty (2020),48333,Mills,9,14.4,10.7,18.1,22.8,15.2,30.4
All people in poverty (2020),Children ages 0-17 in poverty (2020),48335,Mitchell,7,18.7,13.9,23.5,21.9,14.8,29.0
All people in poverty (2020),Children ages 0-17 in poverty (2020),48337,Montague,6,12.4,9.3,15.5,18.2,12.7,23.7
All people in poverty (2020),Children ages 0-17 in poverty (2020),48339,Montgomery,1,8.2,6.7,9.7,10.9,7.9,13.9
All people in poverty (2020),Children ages 0-17 in poverty (2020),48341,Moore,7,10.6,8.0,13.2,14.8,10.3,19.3
All people in poverty (2020),Children ages 0-17 in poverty (2020),48343,Morris,6,17.0,13.1,20.9,25.1,16.7,33.5
All people in poverty (2020),Children ages 0-17 in poverty (2020),48345,Motley,9,16.3,12.0,20.6,27.5,18.3,36.7
All people in poverty (2020),Children ages 0-17 in poverty (2020),48347,Nacogdoches,5,19.5,15.8,23.2,23.5,17.0,30.0
All people in poverty (2020),Children ages 0-17 in poverty (2020),48349,Navarro,4,14.8,11.4,18.2,21.9,15.0,28.8
All people in poverty (2020),Children ages 0-17 in poverty (2020),48351,Newton,2,21.3,17.0,25.6,27.9,20.5,35.3
All people in poverty (2020),Children ages 0-17 in poverty (2020),48353,Nolan,6,17.2,13.0,21.4,24.4,16.5,32.3
All people in poverty (2020),Children ages 0-17 in poverty (2020),48355,Nueces,2,17.5,14.4,20.6,25.9,20.5,31.3
All people in poverty (2020),Children ages 0-17 in poverty (2020),48357,Ochiltree,7,9.2,6.8,11.6,14.2,9.4,19.0
All people in poverty (2020),Children ages 0-17 in poverty (2020),48359,Oldham,2,14.0,10.3,17.7,28.8,18.9,38.7
All people in poverty (2020),Children ages 0-17 in poverty (2020),48361,Orange,2,15.1,12.4,17.8,21.1,15.8,26.4
All people in poverty (2020),Children ages 0-17 in poverty (2020),48363,Palo Pinto,6,13.9,10.7,17.1,20.9,13.7,28.1
All people in poverty (2020),Children ages 0-17 in poverty (2020),48365,Panola,6,15.3,12.4,18.2,19.5,14.1,24.9
All people in poverty (2020),Children ages 0-17 in poverty (2020),48367,Parker,1,8.0,6.4,9.6,9.8,6.9,12.7
All people in poverty (2020),Children ages 0-17 in poverty (2020),48369,Parmer,7,12.2,9.0,15.4,17.7,11.7,23.7
All people in poverty (2020),Children ages 0-17 in poverty (2020),48371,Pecos,7,16.5,12.4,20.6,19.7,13.2,26.2
All people in poverty (2020),Children ages 0-17 in poverty (2020),48373,Polk,6,15.0,11.6,18.4,22.9,15.7,30.1
All people in poverty (2020),Children ages 0-17 in poverty (2020),48375,Potter,2,20.8,17.5,24.1,29.2,23.2,35.2
All people in poverty (2020),Children ages 0-17 in poverty (2020),48377,Presidio,7,19.4,14.4,24.4,32.4,21.8,43.0
All people in poverty (2020),Children ages 0-17 in poverty (2020),48379,Rains,8,13.6,10.2,17.0,20.3,13.9,26.7
All people in poverty (2020),Children ages 0-17 in poverty (2020),48381,Randall,2,9.6,7.9,11.3,11.6,8.8,14.4
All people in poverty (2020),Children ages 0-17 in poverty (2020),48383,Reagan,6,8.3,6.2,10.4,10.1,6.7,13.5
All people in poverty (2020),Children ages 0-17 in poverty (2020),48385,Real,9,16.4,12.3,20.5,32.1,21.6,42.6
All people in poverty (2020),Children ages 0-17 in poverty (2020),48387,Red River,6,15.7,11.6,19.8,25.6,16.9,34.3
All people in poverty (2020),Children ages 0-17 in poverty (2020),48389,Reeves,7,19.0,14.0,24.0,20.5,13.7,27.3
All people in poverty (2020),Children ages 0-17 in poverty (2020),48391,Refugio,6,15.3,11.4,19.2,23.7,15.8,31.6
All people in poverty (2020),Children ages 0-17 in poverty (2020),48393,Roberts,9,6.4,4.6,8.2,9.1,6.0,12.2
All people in poverty (2020),Children ages 0-17 in poverty (2020),48395,Robertson,3,14.2,10.5,17.9,23.2,15.3,31.1
All people in poverty (2020),Children ages 0-17 in poverty (2020),48397,Rockwall,1,4.8,3.6,6.0,6.4,4.3,8.5
All people in poverty (2020),Children ages 0-17 in poverty (2020),48399,Runnels,6,14.3,10.6,18.0,21.4,14.2,28.6
All people in poverty (2020),Children ages 0-17 in poverty (2020),48401,Rusk,3,14.2,10.6,17.8,18.1,12.4,23.8
All people in poverty (2020),Children ages 0-17 in poverty (2020),48403,Sabine,8,16.0,12.0,20.0,25.4,17.1,33.7
All people in poverty (2020),Children ages 0-17 in poverty (2020),48405,San Augustine,9,19.6,14.8,24.4,29.7,20.4,39.0
All people in poverty (2020),Children ages 0-17 in poverty (2020),48407,San Jacinto,8,16.1,12.2,20.0,26.1,17.5,34.7
All people in poverty (2020),Children ages 0-17 in poverty (2020),48409,San Patricio,2,14.8,11.4,18.2,21.6,14.7,28.5
All people in poverty (2020),Children ages 0-17 in poverty (2020),48411,San Saba,7,17.4,12.9,21.9,26.1,17.7,34.5
All people in poverty (2020),Children ages 0-17 in poverty (2020),48413,Schleicher,8,13.2,9.7,16.7,19.0,12.6,25.4
All people in poverty (2020),Children ages 0-17 in poverty (2020),48415,Scurry,7,13.8,10.2,17.4,17.6,11.6,23.6
All people in poverty (2020),Children ages 0-17 in poverty (2020),48417,Shackelford,8,12.5,9.6,15.4,15.8,10.8,20.8
All people in poverty (2020),Children ages 0-17 in poverty (2020),48419,Shelby,7,18.0,14.0,22.0,24.4,17.0,31.8
All people in poverty (2020),Children ages 0-17 in poverty (2020),48421,Sherman,9,11.3,8.3,14.3,16.9,11.2,22.6
All people in poverty (2020),Children ages 0-17 in poverty (2020),48423,Smith,3,12.7,10.3,15.1,18.2,13.3,23.1
All people in poverty (2020),Children ages 0-17 in poverty (2020),48425,Somervell,1,8.3,6.2,10.4,12.8,8.5,17.1
All people in poverty (2020),Children ages 0-17 in poverty (2020),48427,Starr,4,25.2,20.3,30.1,35.3,26.4,44.2
All people in poverty (2020),Children ages 0-17 in poverty (2020),48429,Stephens,7,15.6,11.5,19.7,23.5,15.7,31.3
All people in poverty (2020),Children ages 0-17 in poverty (2020),48431,Sterling,8,10.2,7.5,12.9,13.5,8.9,18.1
All people in poverty (2020),Children ages 0-17 in poverty (2020),48433,Stonewall,9,14.3,10.6,18.0,22.5,15.0,30.0
All people in poverty (2020),Children ages 0-17 in poverty (2020),48435,Sutton,7,11.7,8.6,14.8,17.3,11.5,23.1
All people in poverty (2020),Children ages 0-17 in poverty (2020),48437,Swisher,6,19.6,14.9,24.3,27.2,18.5,35.9
All people in poverty (2020),Children ages 0-17 in poverty (2020),48439,Tarrant,1,10.5,9.4,11.6,15.4,13.2,17.6
All people in poverty (2020),Children ages 0-17 in poverty (2020),48441,Taylor,3,12.2,9.8,14.6,16.9,11.6,22.2
All people in poverty (2020),Children ages 0-17 in poverty (2020),48443,Terrell,9,14.0,10.2,17.8,13.2,8.6,17.8
All people in poverty (2020),Children ages 0-17 in poverty (2020),48445,Terry,6,18.5,13.6,23.4,27.4,18.2,36.6
All people in poverty (2020),Children ages 0-17 in poverty (2020),48447,Throckmorton,9,13.5,10.0,17.0,27.7,19.0,36.4
All people in poverty (2020),Children ages 0-17 in poverty (2020),48449,Titus,7,14.3,11.2,17.4,21.4,15.9,26.9
All people in poverty (2020),Children ages 0-17 in poverty (2020),48451,Tom Green,3,12.0,9.2,14.8,16.6,11.4,21.8
All people in poverty (2020),Children ages 0-17 in poverty (2020),48453,Travis,1,10.2,9.0,11.4,10.9,8.3,13.5
All people in poverty (2020),Children ages 0-17 in poverty (2020),48455,Trinity,7,16.8,12.8,20.8,26.5,18.2,34.8
All people in poverty (2020),Children ages 0-17 in poverty (2020),48457,Tyler,6,18.9,14.9,22.9,27.9,21.5,34.3
All people in poverty (2020),Children ages 0-17 in poverty (2020),48459,Upshur,3,12.6,9.5,15.7,17.8,11.9,23.7
All people in poverty (2020),Children ages 0-17 in poverty (2020),48461,Upton,8,12.1,9.0,15.2,17.0,11.5,22.5
All people in poverty (2020),Children ages 0-17 in poverty (2020),48463,Uvalde,6,19.0,14.6,23.4,30.7,21.4,40.0
All people in poverty (2020),Children ages 0-17 in poverty (2020),48465,Val Verde,5,15.6,11.8,19.4,24.3,15.7,32.9
All people in poverty (2020),Children ages 0-17 in poverty (2020),48467,Van Zandt,6,12.9,10.0,15.8,17.7,12.0,23.4
All people in poverty (2020),Children ages 0-17 in poverty (2020),48469,Victoria,3,16.5,13.9,19.1,24.4,18.7,30.1
All people in poverty (2020),Children ages 0-17 in poverty (2020),48471,Walker,4,18.0,13.2,22.8,20.8,13.8,27.8
All people in poverty (2020),Children ages 0-17 in poverty (2020),48473,Waller,1,12.6,9.6,15.6,17.4,12.4,22.4
All people in poverty (2020),Children ages 0-17 in poverty (2020),48475,Ward,6,9.8,7.0,12.6,14.4,9.6,19.2
All people in poverty (2020),Children ages 0-17 in poverty (2020),48477,Washington,6,11.7,8.7,14.7,17.6,11.7,23.5
All people in poverty (2020),Children ages 0-17 in poverty (2020),48479,Webb,2,19.9,16.9,22.9,30.3,24.1,36.5
All people in poverty (2020),Children ages 0-17 in poverty (2020),48481,Wharton,4,13.8,10.2,17.4,20.6,13.6,27.6
All people in poverty (2020),Children ages 0-17 in poverty (2020),48483,Wheeler,9,13.5,10.3,16.7,20.3,13.8,26.8
All people in poverty (2020),Children ages 0-17 in poverty (2020),48485,Wichita,3,16.0,13.0,19.0,20.9,15.1,26.7
All people in poverty (2020),Children ages 0-17 in poverty (2020),48487,Wilbarger,6,14.6,11.2,18.0,21.1,14.6,27.6
All people in poverty (2020),Children ages 0-17 in poverty (2020),48489,Willacy,6,24.7,17.8,31.6,34.0,22.2,45.8
All people in poverty (2020),Children ages 0-17 in poverty (2020),48491,Williamson,1,5.6,4.6,6.6,6.3,4.5,8.1
All people in poverty (2020),Children ages 0-17 in poverty (2020),48493,Wilson,1,9.4,7.2,11.6,11.5,7.7,15.3
All people in poverty (2020),Children ages 0-17 in poverty (2020),48495,Winkler,6,11.8,8.8,14.8,16.9,11.1,22.7
All people in poverty (2020),Children ages 0-17 in poverty (2020),48497,Wise,1,10.0,7.8,12.2,12.4,8.6,16.2
All people in poverty (2020),Children ages 0-17 in poverty (2020),48499,Wood,6,13.5,10.1,16.9,21.4,14.3,28.5
All people in poverty (2020),Children ages 0-17 in poverty (2020),48501,Yoakum,7,10.8,8.1,13.5,14.9,10.3,19.5
All people in poverty (2020),Children ages 0-17 in poverty (2020),48503,Young,7,14.8,11.6,18.0,22.1,16.2,28.0
All people in poverty (2020),Children ages 0-17 in poverty (2020),48505,Zapata,6,24.6,18.4,30.8,39.5,26.1,52.9
All people in poverty (2020),Children ages 0-17 in poverty (2020),48507,Zavala,7,27.2,20.7,33.7,39.0,27.1,50.9

Textbox93,Textbox96,fips,county,ruc_code,total_est,total_Bmin,total_Bmax,under18,under18_Bmin,under18_Bmax
All people in poverty (2020),Children ages 0-17 in poverty (2020),48000,Texas,,"3,862,713","3,792,930","3,932,496","1,373,643","1,333,207","1,414,079"
All people in poverty (2020),Children ages 0-17 in poverty (2020),48001,Anderson,7,"9,242","7,240","11,244","2,989","2,331","3,647"
All people in poverty (2020),Children ages 0-17 in poverty (2020),48003,Andrews,6,"1,722","1,279","2,165",702,471,933
All people in poverty (2020),Children ages 0-17 in poverty (2020),48005,Angelina,5,"14,330","11,468","17,192","5,446","4,065","6,827"
All people in poverty (2020),Children ages 0-17 in poverty (2020),48007,Aransas,2,"3,986","3,012","4,960","1,295",901,"1,689"
All people in poverty (2020),Children ages 0-17 in poverty (2020),48009,Archer,3,596,413,779,207,138,276
All people in poverty (2020),Children ages 0-17 in poverty (2020),48011,Armstrong,2,169,124,214,51,34,68
All people in poverty (2020),Children ages 0-17 in poverty (2020),48013,Atascosa,1,"7,618","5,664","9,572","3,022","2,018","4,026"
All people in poverty (2020),Children ages 0-17 in poverty (2020),48015,Austin,1,"3,378","2,616","4,140","1,249",901,"1,597"
All people in poverty (2020),Children ages 0-17 in poverty (2020),48017,Bailey,7,945,693,"1,197",450,301,599
All people in poverty (2020),Children ages 0-17 in poverty (2020),48019,Bandera,1,"2,588","1,926","3,250",803,537,"1,069"
All people in poverty (2020),Children ages 0-17 in poverty (2020),48021,Bastrop,1,"9,596","7,175","12,017","3,756","2,534","4,978"
All people in poverty (2020),Children ages 0-17 in poverty (2020),48023,Baylor,8,526,390,662,172,115,229
All people in poverty (2020),Children ages 0-17 in poverty (2020),48025,Bee,6,"5,685","4,131","7,239","1,705","1,130","2,280"
All people in poverty (2020),Children ages 0-17 in poverty (2020),48027,Bell,2,"52,839","44,904","60,774","21,349","16,756","25,942"
All people in poverty (2020),Children ages 0-17 in poverty (2020),48029,Bexar,1,"297,131","273,527","320,735","102,507","90,018","114,996"
All people in poverty (2020),Children ages 0-17 in poverty (2020),48031,Blanco,8,"1,199",922,"1,476",305,206,404
All people in poverty (2020),Children ages 0-17 in poverty (2020),48033,Borden,8,53,39,67,12,8,16
All people in poverty (2020),Children ages 0-17 in poverty (2020),48035,Bosque,6,"2,280","1,708","2,852",727,483,971
All people in poverty (2020),Children ages 0-17 in poverty (2020),48037,Bowie,3,"15,191","12,580","17,802","5,065","3,852","6,278"
All people in poverty (2020),Children ages 0-17 in poverty (2020),48039,Brazoria,1,"30,696","23,578","37,814","9,642","6,337","12,947"
All people in poverty (2020),Children ages 0-17 in poverty (2020),48041,Brazos,3,"48,484","44,251","52,717","9,181","7,132","11,230"
All people in poverty (2020),Children ages 0-17 in poverty (2020),48043,Brewster,7,"1,282","1,000","1,564",277,186,368
All people in poverty (2020),Children ages 0-17 in poverty (2020),48045,Briscoe,9,199,146,252,69,46,92
All people in poverty (2020),Children ages 0-17 in poverty (2020),48047,Brooks,7,"1,978","1,509","2,447",860,589,"1,131"
All people in poverty (2020),Children ages 0-17 in poverty (2020),48049,Brown,5,"5,642","4,422","6,862","1,681","1,181","2,181"
All people in poverty (2020),Children ages 0-17 in poverty (2020),48051,Burleson,3,"2,398","1,779","3,017",781,523,"1,039"
All people in poverty (2020),Children ages 0-17 in poverty (2020),48053,Burnet,6,"4,598","3,376","5,820","1,654","1,093","2,215"
All people in poverty (2020),Children ages 0-17 in poverty (2020),48055,Caldwell,1,"5,373","4,068","6,678","1,803","1,236","2,370"
All people in poverty (2020),Children ages 0-17 in poverty (2020),48057,Calhoun,6,"2,565","1,840","3,290","1,050",701,"1,399"
All people in poverty (2020),Children ages 0-17 in poverty (2020),48059,Callahan,3,"1,698","1,259","2,137",556,368,744
All people in poverty (2020),Children ages 0-17 in poverty (2020),48061,Cameron,2,"102,649","90,579","114,719","42,579","36,198","48,960"
All people in poverty (2020),Children ages 0-17 in poverty (2020),48063,Camp,6,"2,167","1,658","2,676",826,559,"1,093"
All people in poverty (2020),Children ages 0-17 in poverty (2020),48065,Carson,2,483,362,604,143,96,190
All people in poverty (2020),Children ages 0-17 in poverty (2020),48067,Cass,6,"5,205","4,179","6,231","1,667","1,168","2,166"
All people in poverty (2020),Children ages 0-17 in poverty (2020),48069,Castro,6,"1,121",845,"1,397",425,290,560
All people in poverty (2020),Children ages 0-17 in poverty (2020),48071,Chambers,1,"4,224","3,444","5,004","1,396","1,014","1,778"
All people in poverty (2020),Children ages 0-17 in poverty (2020),48073,Cherokee,6,"8,336","6,509","10,163","3,199","2,290","4,108"
All people in poverty (2020),Children ages 0-17 in poverty (2020),48075,Childress,7,"1,156",877,"1,435",312,215,409
All people in poverty (2020),Children ages 0-17 in poverty (2020),48077,Clay,3,"1,156",903,"1,409",293,200,386
All people in poverty (2020),Children ages 0-17 in poverty (2020),48079,Cochran,9,546,413,679,214,148,280
All people in poverty (2020),Children ages 0-17 in poverty (2020),48081,Coke,8,373,270,476,121,81,161
All people in poverty (2020),Children ages 0-17 in poverty (2020),48083,Coleman,6,"1,291",960,"1,622",457,305,609
All people in poverty (2020),Children ages 0-17 in poverty (2020),48085,Collin,1,"65,922","56,550","75,294","17,892","13,941","21,843"
All people in poverty (2020),Children ages 0-17 in poverty (2020),48087,Collingsworth,9,476,365,587,188,131,245
All people in poverty (2020),Children ages 0-17 in poverty (2020),48089,Colorado,6,"2,706","2,023","3,389",921,592,"1,250"
All people in poverty (2020),Children ages 0-17 in poverty (2020),48091,Comal,1,"12,293","9,785","14,801","3,380","2,235","4,525"
All people in poverty (2020),Children ages 0-17 in poverty (2020),48093,Comanche,7,"2,157","1,632","2,682",720,487,953
All people in poverty (2020),Children ages 0-17 in poverty (2020),48095,Concho,8,374,278,470,105,72,138
All people in poverty (2020),Children ages 0-17 in poverty (2020),48097,Cooke,6,"4,589","3,451","5,727","1,503",994,"2,012"
All people in poverty (2020),Children ages 0-17 in poverty (2020),48099,Coryell,2,"8,083","6,046","10,120","2,829","1,898","3,760"
All people in poverty (2020),Children ages 0-17 in poverty (2020),48101,Cottle,9,243,182,304,93,62,124
All people in poverty (2020),Children ages 0-17 in poverty (2020),48103,Crane,6,421,311,531,173,115,231
All people in poverty (2020),Children ages 0-17 in poverty (2020),48105,Crockett,7,431,319,543,155,103,207
All people in poverty (2020),Children ages 0-17 in poverty (2020),48107,Crosby,2,"1,087",808,"1,366",426,281,571
All people in poverty (2020),Children ages 0-17 in poverty (2020),48109,Culberson,9,397,297,497,142,94,190
All people in poverty (2020),Children ages 0-17 in poverty (2020),48111,Dallam,7,798,594,"1,002",376,254,498
All people in poverty (2020),Children ages 0-17 in poverty (2020),48113,Dallas,1,"357,084","328,219","385,949","133,033","118,882","147,184"
All people in poverty (2020),Children ages 0-17 in poverty (2020),48115,Dawson,7,"2,126","1,597","2,655",789,534,"1,044"
All people in poverty (2020),Children ages 0-17 in poverty (2020),48117,Deaf Smith,6,"2,791","2,095","3,487","1,255",872,"1,638"
All people in poverty (2020),Children ages 0-17 in poverty (2020),48119,Delta,8,753,555,951,261,175,347
All people in poverty (2020),Children ages 0-17 in poverty (2020),48121,Denton,1,"62,596","52,887","72,305","16,387","12,926","19,848"
All people in poverty (2020),Children ages 0-17 in poverty (2020),48123,DeWitt,6,"3,761","3,094","4,428","1,227",928,"1,526"
All people in poverty (2020),Children ages 0-17 in poverty (2020),48125,Dickens,8,344,251,437,99,66,132
All people in poverty (2020),Children ages 0-17 in poverty (2020),48127,Dimmit,6,"2,501","1,982","3,020",944,674,"1,214"
All people in poverty (2020),Children ages 0-17 in poverty (2020),48129,Donley,8,502,371,633,161,108,214
All people in poverty (2020),Children ages 0-17 in poverty (2020),48131,Duval,7,"2,087","1,493","2,681",910,601,"1,219"
All people in poverty (2020),Children ages 0-17 in poverty (2020),48133,Eastland,6,"2,998","2,320","3,676",878,596,"1,160"
All people in poverty (2020),Children ages 0-17 in poverty (2020),48135,Ector,3,"22,439","18,458","26,420","9,040","6,967","11,113"
All people in poverty (2020),Children ages 0-17 in poverty (2020),48137,Edwards,9,366,271,461,135,89,181
All people in poverty (2020),Children ages 0-17 in poverty (2020),48139,Ellis,1,"14,973","11,361","18,585","5,492","3,818","7,166"
All people in poverty (2020),Children ages 0-17 in poverty (2020),48141,El Paso,2,"145,103","129,462","160,744","49,840","41,138","58,542"
All people in poverty (2020),Children ages 0-17 in poverty (2020),48143,Erath,4,"5,006","3,889","6,123","1,363",908,"1,818"
All people in poverty (2020),Children ages 0-17 in poverty (2020),48145,Falls,2,"3,056","2,276","3,836",905,607,"1,203"
All people in poverty (2020),Children ages 0-17 in poverty (2020),48147,Fannin,6,"5,075","4,051","6,099","1,311",912,"1,710"
All people in poverty (2020),Children ages 0-17 in poverty (2020),48149,Fayette,6,"2,369","1,772","2,966",730,489,971
All people in poverty (2020),Children ages 0-17 in poverty (2020),48151,Fisher,8,501,374,628,140,94,186
All people in poverty (2020),Children ages 0-17 in poverty (2020),48153,Floyd,6,995,741,"1,249",426,284,568
All people in poverty (2020),Children ages 0-17 in poverty (2020),48155,Foard,9,184,137,231,63,42,84
All people in poverty (2020),Children ages 0-17 in poverty (2020),48157,Fort Bend,1,"61,776","49,814","73,738","21,169","15,484","26,854"
All people in poverty (2020),Children ages 0-17 in poverty (2020),48159,Franklin,7,"1,384","1,010","1,758",500,328,672
All people in poverty (2020),Children ages 0-17 in poverty (2020),48161,Freestone,7,"2,421","1,763","3,079",737,480,994
All people in poverty (2020),Children ages 0-17 in poverty (2020),48163,Frio,6,"3,776","2,738","4,814","1,308",875,"1,741"
All people in poverty (2020),Children ages 0-17 in poverty (2020),48165,Gaines,7,"2,421","1,728","3,114","1,567","1,042","2,092"
All people in poverty (2020),Children ages 0-17 in poverty (2020),48167,Galveston,1,"33,751","27,090","40,412","11,429","7,923","14,935"
All people in poverty (2020),Children ages 0-17 in poverty (2020),48169,Garza,6,898,640,"1,156",219,146,292
All people in poverty (2020),Children ages 0-17 in poverty (2020),48171,Gillespie,7,"2,450","1,882","3,018",789,570,"1,008"
All people in poverty (2020),Children ages 0-17 in poverty (2020),48173,Glasscock,8,105,78,132,35,23,47
All people in poverty (2020),Children ages 0-17 in poverty (2020),48175,Goliad,3,993,747,"1,239",312,205,419
All people in poverty (2020),Children ages 0-17 in poverty (2020),48177,Gonzales,6,"2,947","2,175","3,719","1,224",819,"1,629"
All people in poverty (2020),Children ages 0-17 in poverty (2020),48179,Gray,6,"2,797","2,106","3,488",956,638,"1,274"
All people in poverty (2020),Children ages 0-17 in poverty (2020),48181,Grayson,3,"18,505","15,456","21,554","6,680","5,444","7,916"
All people in poverty (2020),Children ages 0-17 in poverty (2020),48183,Gregg,3,"21,845","18,892","24,798","8,197","6,671","9,723"
All people in poverty (2020),Children ages 0-17 in poverty (2020),48185,Grimes,6,"4,081","3,095","5,067","1,319",920,"1,718"
All people in poverty (2020),Children ages 0-17 in poverty (2020),48187,Guadalupe,1,"14,311","11,307","17,315","4,411","3,047","5,775"
All people in poverty (2020),Children ages 0-17 in poverty (2020),48189,Hale,4,"5,321","4,200","6,442","2,111","1,477","2,745"
All people in poverty (2020),Children ages 0-17 in poverty (2020),48191,Hall,9,537,379,695,223,149,297
All people in poverty (2020),Children ages 0-17 in poverty (2020),48193,Hamilton,6,"1,234",969,"1,499",375,251,499
All people in poverty (2020),Children ages 0-17 in poverty (2020),48195,Hansford,7,558,412,704,235,156,314
All people in poverty (2020),Children ages 0-17 in poverty (2020),48197,Hardeman,9,600,439,761,198,132,264
All people in poverty (2020),Children ages 0-17 in poverty (2020),48199,Hardin,2,"6,032","4,670","7,394","1,803","1,223","2,383"
All people in poverty (2020),Children ages 0-17 in poverty (2020),48201,Harris,1,"747,146","704,497","789,795","285,922","265,498","306,346"
All people in poverty (2020),Children ages 0-17 in poverty (2020),48203,Harrison,4,"10,136","8,260","12,012","3,526","2,626","4,426"
All people in poverty (2020),Children ages 0-17 in poverty (2020),48205,Hartley,7,409,302,516,103,70,136
All people in poverty (2020),Children ages 0-17 in poverty (2020),48207,Haskell,6,"1,041",771,"1,311",250,165,335
All people in poverty (2020),Children ages 0-17 in poverty (2020),48209,Hays,1,"22,434","18,459","26,409","5,315","3,723","6,907"
All people in poverty (2020),Children ages 0-17 in poverty (2020),48211,Hemphill,7,354,262,446,162,108,216
All people in poverty (2020),Children ages 0-17 in poverty (2020),48213,Henderson,4,"11,681","8,725","14,637","3,941","2,629","5,253"
All people in poverty (2020),Children ages 0-17 in poverty (2020),48215,Hidalgo,2,"207,104","184,050","230,158","89,062","75,722","102,402"
All people in poverty (2020),Children ages 0-17 in poverty (2020),48217,Hill,6,"5,078","4,069","6,087","1,696","1,231","2,161"
All people in poverty (2020),Children ages 0-17 in poverty (2020),48219,Hockley,6,"2,841","2,111","3,571","1,136",758,"1,514"
All people in poverty (2020),Children ages 0-17 in poverty (2020),48221,Hood,1,"5,919","4,479","7,359","1,889","1,281","2,497"
All people in poverty (2020),Children ages 0-17 in poverty (2020),48223,Hopkins,6,"4,652","3,514","5,790","1,673","1,120","2,226"
All people in poverty (2020),Children ages 0-17 in poverty (2020),48225,Houston,7,"4,040","3,003","5,077","1,217",824,"1,610"
All people in poverty (2020),Children ages 0-17 in poverty (2020),48227,Howard,4,"4,821","3,673","5,969","1,361",924,"1,798"
All people in poverty (2020),Children ages 0-17 in poverty (2020),48229,Hudspeth,2,"1,163",863,"1,463",317,211,423
All people in poverty (2020),Children ages 0-17 in poverty (2020),48231,Hunt,1,"12,240","9,562","14,918","4,068","2,871","5,265"
All people in poverty (2020),Children ages 0-17 in poverty (2020),48233,Hutchinson,6,"2,455","1,874","3,036",775,530,"1,020"
All people in poverty (2020),Children ages 0-17 in poverty (2020),48235,Irion,3,107,79,135,25,16,34
All people in poverty (2020),Children ages 0-17 in poverty (2020),48237,Jack,6,"1,075",782,"1,368",354,237,471
All people in poverty (2020),Children ages 0-17 in poverty (2020),48239,Jackson,6,"1,849","1,418","2,280",647,433,861
All people in poverty (2020),Children ages 0-17 in poverty (2020),48241,Jasper,6,"5,960","4,656","7,264","2,012","1,444","2,580"
All people in poverty (2020),Children ages 0-17 in poverty (2020),48243,Jeff Davis,9,474,326,622,37,24,50
All people in poverty (2020),Children ages 0-17 in poverty (2020),48245,Jefferson,2,"42,858","37,479","48,237","15,438","12,655","18,221"
All people in poverty (2020),Children ages 0-17 in poverty (2020),48247,Jim Hogg,6,"1,035",755,"1,315",473,303,643
All people in poverty (2020),Children ages 0-17 in poverty (2020),48249,Jim Wells,4,"8,051","6,198","9,904","3,562","2,609","4,515"
All people in poverty (2020),Children ages 0-17 in poverty (2020),48251,Johnson,1,"16,676","13,156","20,196","5,318","3,644","6,992"
All people in poverty (2020),Children ages 0-17 in poverty (2020),48253,Jones,3,"2,892","2,147","3,637",729,486,972
All people in poverty (2020),Children ages 0-17 in poverty (2020),48255,Karnes,6,"2,254","1,620","2,888",773,514,"1,032"
All people in poverty (2020),Children ages 0-17 in poverty (2020),48257,Kaufman,1,"12,958","10,334","15,582","5,007","3,619","6,395"
All people in poverty (2020),Children ages 0-17 in poverty (2020),48259,Kendall,1,"3,233","2,433","4,033",939,632,"1,246"
All people in poverty (2020),Children ages 0-17 in poverty (2020),48261,Kenedy,9,41,30,52,9,6,12
All people in poverty (2020),Children ages 0-17 in poverty (2020),48263,Kent,9,82,61,103,21,14,28
All people in poverty (2020),Children ages 0-17 in poverty (2020),48265,Kerr,4,"5,927","4,530","7,324","1,584",959,"2,209"
All people in poverty (2020),Children ages 0-17 in poverty (2020),48267,Kimble,7,687,509,865,257,171,343
All people in poverty (2020),Children ages 0-17 in poverty (2020),48269,King,9,35,26,44,16,11,21
All people in poverty (2020),Children ages 0-17 in poverty (2020),48271,Kinney,7,597,441,753,159,106,212
All people in poverty (2020),Children ages 0-17 in poverty (2020),48273,Kleberg,4,"6,030","4,748","7,312","2,175","1,591","2,759"
All people in poverty (2020),Children ages 0-17 in poverty (2020),48275,Knox,9,582,427,737,236,157,315
All people in poverty (2020),Children ages 0-17 in poverty (2020),48277,Lamar,5,"9,653","8,245","11,061","3,137","2,443","3,831"
All people in poverty (2020),Children ages 0-17 in poverty (2020),48279,Lamb,6,"2,200","1,654","2,746",837,564,"1,110"
All people in poverty (2020),Children ages 0-17 in poverty (2020),48281,Lampasas,2,"2,159","1,527","2,791",830,548,"1,112"
All people in poverty (2020),Children ages 0-17 in poverty (2020),48283,La Salle,6,"1,402","1,017","1,787",397,257,537
All people in poverty (2020),Children ages 0-17 in poverty (2020),48285,Lavaca,6,"2,086","1,519","2,653",677,445,909
All people in poverty (2020),Children ages 0-17 in poverty (2020),48287,Lee,6,"1,798","1,335","2,261",525,350,700
All people in poverty (2020),Children ages 0-17 in poverty (2020),48289,Leon,8,"2,395","1,846","2,944",695,454,936
All people in poverty (2020),Children ages 0-17 in poverty (2020),48291,Liberty,1,"12,444","9,488","15,400","5,012","3,404","6,620"
All people in poverty (2020),Children ages 0-17 in poverty (2020),48293,Limestone,6,"3,647","2,818","4,476",983,628,"1,338"
All people in poverty (2020),Children ages 0-17 in poverty (2020),48295,Lipscomb,9,348,258,438,113,76,150
All people in poverty (2020),Children ages 0-17 in poverty (2020),48297,Live Oak,8,"1,893","1,452","2,334",579,400,758
All people in poverty (2020),Children ages 0-17 in poverty (2020),48299,Llano,7,"2,384","1,738","3,030",643,416,870
All people in poverty (2020),Children ages 0-17 in poverty (2020),48301,Loving,9,7,5,9,6,4,8
All people in poverty (2020),Children ages 0-17 in poverty (2020),48303,Lubbock,2,"47,957","41,923","53,991","13,380","9,958","16,802"
All people in poverty (2020),Children ages 0-17 in poverty (2020),48305,Lynn,2,860,650,"1,070",315,213,417
All people in poverty (2020),Children ages 0-17 in poverty (2020),48307,McCulloch,7,"1,243",907,"1,579",440,294,586
All people in poverty (2020),Children ages 0-17 in poverty (2020),48309,McLennan,2,"42,552","37,147","47,957","12,772","10,271","15,273"
All people in poverty (2020),Children ages 0-17 in poverty (2020),48311,McMullen,9,69,51,87,17,11,23
All people in poverty (2020),Children ages 0-17 in poverty (2020),48313,Madison,6,"2,069","1,540","2,598",658,441,875
All people in poverty (2020),Children ages 0-17 in poverty (2020),48315,Marion,8,"1,957","1,457","2,457",549,370,728
All people in poverty (2020),Children ages 0-17 in poverty (2020),48317,Martin,3,643,476,810,310,207,413
All people in poverty (2020),Children ages 0-17 in poverty (2020),48319,Mason,9,424,297,551,173,115,231
All people in poverty (2020),Children ages 0-17 in poverty (2020),48321,Matagorda,4,"6,286","4,940","7,632","2,252","1,555","2,949"
All people in poverty (2020),Children ages 0-17 in poverty (2020),48323,Maverick,5,"11,439","8,832","14,046","4,918","3,362","6,474"
All people in poverty (2020),Children ages 0-17 in poverty (2020),48325,Medina,1,"5,600","4,122","7,078","2,012","1,347","2,677"
All people in poverty (2020),Children ages 0-17 in poverty (2020),48327,Menard,9,398,295,501,134,90,178
All people in poverty (2020),Children ages 0-17 in poverty (2020),48329,Midland,3,"17,070","13,899","20,241","6,615","5,081","8,149"
All people in poverty (2020),Children ages 0-17 in poverty (2020),48331,Milam,6,"4,208","3,410","5,006","1,338",947,"1,729"
All people in poverty (2020),Children ages 0-17 in poverty (2020),48333,Mills,9,675,502,848,207,138,276
All people in poverty (2020),Children ages 0-17 in poverty (2020),48335,Mitchell,7,"1,259",933,"1,585",390,263,517
All people in poverty (2020),Children ages 0-17 in poverty (2020),48337,Montague,6,"2,449","1,844","3,054",805,561,"1,049"
All people in poverty (2020),Children ages 0-17 in poverty (2020),48339,Montgomery,1,"51,122","42,076","60,168","17,385","12,633","22,137"
All people in poverty (2020),Children ages 0-17 in poverty (2020),48341,Moore,7,"2,160","1,631","2,689",947,658,"1,236"
All people in poverty (2020),Children ages 0-17 in poverty (2020),48343,Morris,6,"2,085","1,601","2,569",701,466,936
All people in poverty (2020),Children ages 0-17 in poverty (2020),48345,Motley,9,192,142,242,65,43,87
All people in poverty (2020),Children ages 0-17 in poverty (2020),48347,Nacogdoches,5,"11,695","9,458","13,932","3,459","2,501","4,417"
All people in poverty (2020),Children ages 0-17 in poverty (2020),48349,Navarro,4,"7,383","5,704","9,062","2,896","1,984","3,808"
All people in poverty (2020),Children ages 0-17 in poverty (2020),48351,Newton,2,"2,699","2,156","3,242",692,508,876
All people in poverty (2020),Children ages 0-17 in poverty (2020),48353,Nolan,6,"2,480","1,881","3,079",918,621,"1,215"
All people in poverty (2020),Children ages 0-17 in poverty (2020),48355,Nueces,2,"62,210","51,071","73,349","22,323","17,684","26,962"
All people in poverty (2020),Children ages 0-17 in poverty (2020),48357,Ochiltree,7,876,648,"1,104",416,275,557
All people in poverty (2020),Children ages 0-17 in poverty (2020),48359,Oldham,2,264,195,333,70,46,94
All people in poverty (2020),Children ages 0-17 in poverty (2020),48361,Orange,2,"12,368","10,174","14,562","4,280","3,210","5,350"
All people in poverty (2020),Children ages 0-17 in poverty (2020),48363,Palo Pinto,6,"4,023","3,105","4,941","1,382",902,"1,862"
All people in poverty (2020),Children ages 0-17 in poverty (2020),48365,Panola,6,"3,494","2,824","4,164","1,025",740,"1,310"
All people in poverty (2020),Children ages 0-17 in poverty (2020),48367,Parker,1,"11,729","9,312","14,146","3,497","2,473","4,521"
All people in poverty (2020),Children ages 0-17 in poverty (2020),48369,Parmer,7,"1,147",847,"1,447",459,303,615
All people in poverty (2020),Children ages 0-17 in poverty (2020),48371,Pecos,7,"2,253","1,699","2,807",751,504,998
All people in poverty (2020),Children ages 0-17 in poverty (2020),48373,Polk,6,"7,282","5,611","8,953","2,388","1,638","3,138"
All people in poverty (2020),Children ages 0-17 in poverty (2020),48375,Potter,2,"22,745","19,177","26,313","8,960","7,119","10,801"
All people in poverty (2020),Children ages 0-17 in poverty (2020),48377,Presidio,7,"1,261",938,"1,584",570,384,756
All people in poverty (2020),Children ages 0-17 in poverty (2020),48379,Rains,8,"1,687","1,270","2,104",497,340,654
All people in poverty (2020),Children ages 0-17 in poverty (2020),48381,Randall,2,"13,225","10,928","15,522","3,829","2,907","4,751"
All people in poverty (2020),Children ages 0-17 in poverty (2020),48383,Reagan,6,316,236,396,112,75,149
All people in poverty (2020),Children ages 0-17 in poverty (2020),48385,Real,9,545,408,682,184,124,244
All people in poverty (2020),Children ages 0-17 in poverty (2020),48387,Red River,6,"1,851","1,370","2,332",579,383,775
All people in poverty (2020),Children ages 0-17 in poverty (2020),48389,Reeves,7,"2,424","1,782","3,066",720,482,958
All people in poverty (2020),Children ages 0-17 in poverty (2020),48391,Refugio,6,"1,030",768,"1,292",358,239,477
All people in poverty (2020),Children ages 0-17 in poverty (2020),48393,Roberts,9,52,37,67,17,11,23
All people in poverty (2020),Children ages 0-17 in poverty (2020),48395,Robertson,3,"2,414","1,789","3,039",921,609,"1,233"
All people in poverty (2020),Children ages 0-17 in poverty (2020),48397,Rockwall,1,"5,214","3,853","6,575","1,863","1,252","2,474"
All people in poverty (2020),Children ages 0-17 in poverty (2020),48399,Runnels,6,"1,461","1,079","1,843",514,341,687
All people in poverty (2020),Children ages 0-17 in poverty (2020),48401,Rusk,3,"6,809","5,093","8,525","2,106","1,440","2,772"
All people in poverty (2020),Children ages 0-17 in poverty (2020),48403,Sabine,8,"1,664","1,244","2,084",469,315,623
All people in poverty (2020),Children ages 0-17 in poverty (2020),48405,San Augustine,9,"1,576","1,193","1,959",472,324,620
All people in poverty (2020),Children ages 0-17 in poverty (2020),48407,San Jacinto,8,"4,692","3,565","5,819","1,594","1,067","2,121"
All people in poverty (2020),Children ages 0-17 in poverty (2020),48409,San Patricio,2,"9,855","7,626","12,084","3,738","2,546","4,930"
All people in poverty (2020),Children ages 0-17 in poverty (2020),48411,San Saba,7,932,692,"1,172",299,203,395
All people in poverty (2020),Children ages 0-17 in poverty (2020),48413,Schleicher,8,364,269,459,120,80,160
All people in poverty (2020),Children ages 0-17 in poverty (2020),48415,Scurry,7,"2,077","1,537","2,617",726,479,973
All people in poverty (2020),Children ages 0-17 in poverty (2020),48417,Shackelford,8,410,315,505,116,79,153
All people in poverty (2020),Children ages 0-17 in poverty (2020),48419,Shelby,7,"4,447","3,456","5,438","1,545","1,080","2,010"
All people in poverty (2020),Children ages 0-17 in poverty (2020),48421,Sherman,9,338,250,426,137,91,183
All people in poverty (2020),Children ages 0-17 in poverty (2020),48423,Smith,3,"29,150","23,641","34,659","10,185","7,413","12,957"
All people in poverty (2020),Children ages 0-17 in poverty (2020),48425,Somervell,1,743,555,931,248,165,331
All people in poverty (2020),Children ages 0-17 in poverty (2020),48427,Starr,4,"15,985","12,897","19,073","7,278","5,439","9,117"
All people in poverty (2020),Children ages 0-17 in poverty (2020),48429,Stephens,7,"1,349",992,"1,706",470,314,626
All people in poverty (2020),Children ages 0-17 in poverty (2020),48431,Sterling,8,130,96,164,49,32,66
All people in poverty (2020),Children ages 0-17 in poverty (2020),48433,Stonewall,9,189,140,238,68,45,91
All people in poverty (2020),Children ages 0-17 in poverty (2020),48435,Sutton,7,435,321,549,150,100,200
All people in poverty (2020),Children ages 0-17 in poverty (2020),48437,Swisher,6,"1,310",993,"1,627",473,321,625
All people in poverty (2020),Children ages 0-17 in poverty (2020),48439,Tarrant,1,"220,041","196,377","243,705","82,867","70,980","94,754"
All people in poverty (2020),Children ages 0-17 in poverty (2020),48441,Taylor,3,"16,436","13,155","19,717","5,712","3,906","7,518"
All people in poverty (2020),Children ages 0-17 in poverty (2020),48443,Terrell,9,98,71,125,17,11,23
All people in poverty (2020),Children ages 0-17 in poverty (2020),48445,Terry,6,"2,060","1,512","2,608",903,601,"1,205"
All people in poverty (2020),Children ages 0-17 in poverty (2020),48447,Throckmorton,9,201,150,252,85,58,112
All people in poverty (2020),Children ages 0-17 in poverty (2020),48449,Titus,7,"4,630","3,624","5,636","1,980","1,469","2,491"
All people in poverty (2020),Children ages 0-17 in poverty (2020),48451,Tom Green,3,"13,885","10,606","17,164","4,641","3,189","6,093"
All people in poverty (2020),Children ages 0-17 in poverty (2020),48453,Travis,1,"129,969","114,295","145,643","29,199","22,147","36,251"
All people in poverty (2020),Children ages 0-17 in poverty (2020),48455,Trinity,7,"2,477","1,887","3,067",761,522,"1,000"
All people in poverty (2020),Children ages 0-17 in poverty (2020),48457,Tyler,6,"3,724","2,942","4,506","1,121",866,"1,376"
All people in poverty (2020),Children ages 0-17 in poverty (2020),48459,Upshur,3,"5,243","3,949","6,537","1,733","1,159","2,307"
All people in poverty (2020),Children ages 0-17 in poverty (2020),48461,Upton,8,430,319,541,174,117,231
All people in poverty (2020),Children ages 0-17 in poverty (2020),48463,Uvalde,6,"4,984","3,820","6,148","2,150","1,501","2,799"
All people in poverty (2020),Children ages 0-17 in poverty (2020),48465,Val Verde,5,"7,332","5,535","9,129","3,298","2,131","4,465"
All people in poverty (2020),Children ages 0-17 in poverty (2020),48467,Van Zandt,6,"7,302","5,669","8,935","2,276","1,546","3,006"
All people in poverty (2020),Children ages 0-17 in poverty (2020),48469,Victoria,3,"14,859","12,540","17,178","5,483","4,209","6,757"
All people in poverty (2020),Children ages 0-17 in poverty (2020),48471,Walker,4,"9,987","7,345","12,629","2,166","1,433","2,899"
All people in poverty (2020),Children ages 0-17 in poverty (2020),48473,Waller,1,"6,689","5,094","8,284","2,368","1,684","3,052"
All people in poverty (2020),Children ages 0-17 in poverty (2020),48475,Ward,6,"1,170",836,"1,504",499,334,664
All people in poverty (2020),Children ages 0-17 in poverty (2020),48477,Washington,6,"3,937","2,921","4,953","1,325",880,"1,770"
All people in poverty (2020),Children ages 0-17 in poverty (2020),48479,Webb,2,"54,564","46,385","62,743","26,566","21,115","32,017"
All people in poverty (2020),Children ages 0-17 in poverty (2020),48481,Wharton,4,"5,675","4,194","7,156","2,185","1,444","2,926"
All people in poverty (2020),Children ages 0-17 in poverty (2020),48483,Wheeler,9,662,508,816,246,167,325
All people in poverty (2020),Children ages 0-17 in poverty (2020),48485,Wichita,3,"19,233","15,599","22,867","6,125","4,419","7,831"
All people in poverty (2020),Children ages 0-17 in poverty (2020),48487,Wilbarger,6,"1,784","1,364","2,204",565,392,738
All people in poverty (2020),Children ages 0-17 in poverty (2020),48489,Willacy,6,"4,393","3,169","5,617","1,652","1,078","2,226"
All people in poverty (2020),Children ages 0-17 in poverty (2020),48491,Williamson,1,"34,425","28,213","40,637","9,443","6,667","12,219"
All people in poverty (2020),Children ages 0-17 in poverty (2020),48493,Wilson,1,"4,847","3,737","5,957","1,380",929,"1,831"
All people in poverty (2020),Children ages 0-17 in poverty (2020),48495,Winkler,6,918,682,"1,154",383,251,515
All people in poverty (2020),Children ages 0-17 in poverty (2020),48497,Wise,1,"6,982","5,471","8,493","2,113","1,467","2,759"
All people in poverty (2020),Children ages 0-17 in poverty (2020),48499,Wood,6,"6,015","4,507","7,523","1,810","1,209","2,411"
All people in poverty (2020),Children ages 0-17 in poverty (2020),48501,Yoakum,7,934,700,"1,168",424,293,555
All people in poverty (2020),Children ages 0-17 in poverty (2020),48503,Young,7,"2,610","2,043","3,177",905,663,"1,147"
All people in poverty (2020),Children ages 0-17 in poverty (2020),48505,Zapata,6,"3,471","2,598","4,344","1,795","1,188","2,402"
All people in poverty (2020),Children ages 0-17 in poverty (2020),48507,Zavala,7,"3,094","2,358","3,830","1,289",897,"1,681"

Textbox98,Textbox99,state_National,total_est_pct2,total_est_pct_Bmin2,total_est_pct_Bmax2,under18_pct2,under18_pct_Bmin2,under18_pct_Bmax2
All people in poverty (2020),Children ages 0-17 in poverty (2020),Alabama,14.9,14.5,15.3,20.9,20.0,21.8
All people in poverty (2020),Children ages 0-17 in poverty (2020),Alaska,9.6,9.1,10.1,12.3,11.3,13.3
All people in poverty (2020),Children ages 0-17 in poverty (2020),Arizona,12.8,12.4,13.2,17.6,16.7,18.5
All people in poverty (2020),Children ages 0-17 in poverty (2020),Arkansas,15.2,14.7,15.7,20.8,19.8,21.8
All people in poverty (2020),Children ages 0-17 in poverty (2020),California,11.5,11.3,11.7,14.6,14.2,15.0
All people in poverty (2020),Children ages 0-17 in poverty (2020),Colorado,9.0,8.7,9.3,10.6,9.9,11.3
All people in poverty (2020),Children ages 0-17 in poverty (2020),Connecticut,9.7,9.3,10.1,11.8,10.9,12.7
All people in poverty (2020),Children ages 0-17 in poverty (2020),Delaware,10.9,10.3,11.5,15.1,14.0,16.2
All people in poverty (2020),Children ages 0-17 in poverty (2020),District of Columbia,15.0,14.0,16.0,22.3,19.4,25.2
All people in poverty (2020),Children ages 0-17 in poverty (2020),Florida,12.4,12.1,12.7,17.2,16.6,17.8
All people in poverty (2020),Children ages 0-17 in poverty (2020),Georgia,14.0,13.6,14.4,19.5,18.8,20.2
All people in poverty (2020),Children ages 0-17 in poverty (2020),Hawaii,8.9,8.4,9.4,10.4,9.4,11.4
All people in poverty (2020),Children ages 0-17 in poverty (2020),Idaho,10.1,9.6,10.6,11.6,10.7,12.5
All people in poverty (2020),Children ages 0-17 in poverty (2020),Illinois,11.0,10.8,11.2,13.9,13.4,14.4
All people in poverty (2020),Children ages 0-17 in poverty (2020),Indiana,11.6,11.3,11.9,14.9,14.2,15.6
All people in poverty (2020),Children ages 0-17 in poverty (2020),Iowa,10.2,9.8,10.6,12.0,11.2,12.8
All people in poverty (2020),Children ages 0-17 in poverty (2020),Kansas,10.6,10.2,11.0,13.0,12.1,13.9
All people in poverty (2020),Children ages 0-17 in poverty (2020),Kentucky,14.9,14.5,15.3,19.4,18.6,20.2
All people in poverty (2020),Children ages 0-17 in poverty (2020),Louisiana,17.8,17.3,18.3,24.3,23.4,25.2
All people in poverty (2020),Children ages 0-17 in poverty (2020),Maine,10.6,10.1,11.1,12.8,11.8,13.8
All people in poverty (2020),Children ages 0-17 in poverty (2020),Maryland,9.0,8.7,9.3,11.2,10.4,12.0
All people in poverty (2020),Children ages 0-17 in poverty (2020),Massachusetts,9.4,9.1,9.7,10.9,10.2,11.6
All people in poverty (2020),Children ages 0-17 in poverty (2020),Michigan,12.6,12.3,12.9,16.8,16.2,17.4
All people in poverty (2020),Children ages 0-17 in poverty (2020),Minnesota,8.3,8.0,8.6,9.5,8.8,10.2
All people in poverty (2020),Children ages 0-17 in poverty (2020),Mississippi,18.7,18.2,19.2,26.0,24.9,27.1
All people in poverty (2020),Children ages 0-17 in poverty (2020),Missouri,12.1,11.8,12.4,15.5,14.8,16.2
All people in poverty (2020),Children ages 0-17 in poverty (2020),Montana,12.4,11.9,12.9,14.6,13.6,15.6
All people in poverty (2020),Children ages 0-17 in poverty (2020),National,11.9,11.9,11.9,15.7,15.7,15.7
All people in poverty (2020),Children ages 0-17 in poverty (2020),Nebraska,9.2,8.8,9.6,10.1,9.3,10.9
All people in poverty (2020),Children ages 0-17 in poverty (2020),Nevada,12.5,12.0,13.0,16.7,15.8,17.6
All people in poverty (2020),Children ages 0-17 in poverty (2020),New Hampshire,7.0,6.5,7.5,8.4,7.4,9.4
All people in poverty (2020),Children ages 0-17 in poverty (2020),New Jersey,9.4,9.1,9.7,12.6,11.9,13.3
All people in poverty (2020),Children ages 0-17 in poverty (2020),New Mexico,16.8,16.2,17.4,21.6,20.4,22.8
All people in poverty (2020),Children ages 0-17 in poverty (2020),New York,12.7,12.5,12.9,16.7,16.1,17.3
All people in poverty (2020),Children ages 0-17 in poverty (2020),North Carolina,12.9,12.6,13.2,17.9,17.1,18.7
All people in poverty (2020),Children ages 0-17 in poverty (2020),North Dakota,10.2,9.5,10.9,10.9,9.9,11.9
All people in poverty (2020),Children ages 0-17 in poverty (2020),Ohio,12.6,12.3,12.9,16.6,15.9,17.3
All people in poverty (2020),Children ages 0-17 in poverty (2020),Oklahoma,14.3,13.9,14.7,18.6,17.8,19.4
All people in poverty (2020),Children ages 0-17 in poverty (2020),Oregon,11.0,10.6,11.4,12.2,11.4,13.0
All people in poverty (2020),Children ages 0-17 in poverty (2020),Pennsylvania,10.9,10.7,11.1,14.3,13.7,14.9
All people in poverty (2020),Children ages 0-17 in poverty (2020),Rhode Island,10.6,10.0,11.2,14.5,13.4,15.6
All people in poverty (2020),Children ages 0-17 in poverty (2020),South Carolina,13.8,13.4,14.2,18.7,17.9,19.5
All people in poverty (2020),Children ages 0-17 in poverty (2020),South Dakota,11.6,11.1,12.1,13.9,13.0,14.8
All people in poverty (2020),Children ages 0-17 in poverty (2020),Tennessee,13.6,13.2,14.0,18.4,17.6,19.2
All people in poverty (2020),Children ages 0-17 in poverty (2020),Texas,13.4,13.2,13.6,18.8,18.2,19.4
All people in poverty (2020),Children ages 0-17 in poverty (2020),Utah,7.3,6.9,7.7,7.5,6.8,8.2
All people in poverty (2020),Children ages 0-17 in poverty (2020),Vermont,9.4,8.8,10.0,10.0,9.0,11.0
All people in poverty (2020),Children ages 0-17 in poverty (2020),Virginia,9.2,8.9,9.5,12.2,11.6,12.8
All people in poverty (2020),Children ages 0-17 in poverty (2020),Washington,9.5,9.2,9.8,11.0,10.3,11.7
All people in poverty (2020),Children ages 0-17 in poverty (2020),West Virginia,15.8,15.3,16.3,20.3,19.2,21.4
All people in poverty (2020),Children ages 0-17 in poverty (2020),Wisconsin,10.0,9.7,10.3,12.4,11.7,13.1
All people in poverty (2020),Children ages 0-17 in poverty (2020),Wyoming,9.2,8.6,9.8,10.3,9.2,11.4

Textbox100,Textbox119,state_National2,total_est_pct4,total_est_pct_Bmin4,total_est_pct_Bmax4,under18_pct4,under18_pct_Bmin4,under18_pct_Bmax4
All people in poverty (2020),Children ages 0-17 in poverty (2020),Alabama,"714,568","695,249","733,887","222,934","213,738","232,130"
All people in poverty (2020),Children ages 0-17 in poverty (2020),Alaska,"68,714","64,952","72,476","21,459","19,801","23,117"
All people in poverty (2020),Children ages 0-17 in poverty (2020),Arizona,"932,555","904,127","960,983","283,667","269,862","297,472"
All people in poverty (2020),Children ages 0-17 in poverty (2020),Arkansas,"448,665","434,898","462,432","142,855","136,047","149,663"
All people in poverty (2020),Children ages 0-17 in poverty (2020),California,"4,419,167","4,357,445","4,480,889","1,260,145","1,226,143","1,294,147"
All people in poverty (2020),Children ages 0-17 in poverty (2020),Colorado,"511,346","494,184","528,508","129,839","121,098","138,580"
All people in poverty (2020),Children ages 0-17 in poverty (2020),Connecticut,"333,435","320,574","346,296","83,935","77,882","89,988"
All people in poverty (2020),Children ages 0-17 in poverty (2020),Delaware,"104,400","98,380","110,420","30,380","28,223","32,537"
All people in poverty (2020),Children ages 0-17 in poverty (2020),District of Columbia,"101,959","95,326","108,592","28,420","24,687","32,153"
All people in poverty (2020),Children ages 0-17 in poverty (2020),Florida,"2,642,642","2,588,357","2,696,927","714,847","688,232","741,462"
All people in poverty (2020),Children ages 0-17 in poverty (2020),Georgia,"1,465,328","1,428,552","1,502,104","479,569","461,410","497,728"
All people in poverty (2020),Children ages 0-17 in poverty (2020),Hawaii,"121,182","113,902","128,462","29,682","26,817","32,547"
All people in poverty (2020),Children ages 0-17 in poverty (2020),Idaho,"181,197","172,754","189,640","51,193","47,153","55,233"
All people in poverty (2020),Children ages 0-17 in poverty (2020),Illinois,"1,351,159","1,323,764","1,378,554","377,680","364,078","391,282"
All people in poverty (2020),Children ages 0-17 in poverty (2020),Indiana,"760,167","739,176","781,158","228,832","218,266","239,398"
All people in poverty (2020),Children ages 0-17 in poverty (2020),Iowa,"313,752","302,206","325,298","85,187","79,757","90,617"
All people in poverty (2020),Children ages 0-17 in poverty (2020),Kansas,"300,931","289,562","312,300","88,491","82,449","94,533"
All people in poverty (2020),Children ages 0-17 in poverty (2020),Kentucky,"647,158","631,476","662,840","189,696","181,675","197,717"
All people in poverty (2020),Children ages 0-17 in poverty (2020),Louisiana,"802,040","780,192","823,888","258,205","248,346","268,064"
All people in poverty (2020),Children ages 0-17 in poverty (2020),Maine,"139,614","132,648","146,580","30,612","28,213","33,011"
All people in poverty (2020),Children ages 0-17 in poverty (2020),Maryland,"533,561","514,876","552,246","146,629","136,345","156,913"
All people in poverty (2020),Children ages 0-17 in poverty (2020),Massachusetts,"628,899","609,988","647,810","143,199","133,788","152,610"
All people in poverty (2020),Children ages 0-17 in poverty (2020),Michigan,"1,232,948","1,207,303","1,258,593","349,847","336,632","363,062"
All people in poverty (2020),Children ages 0-17 in poverty (2020),Minnesota,"458,302","443,110","473,494","121,018","112,371","129,665"
All people in poverty (2020),Children ages 0-17 in poverty (2020),Mississippi,"536,535","521,304","551,766","175,995","168,681","183,309"
All people in poverty (2020),Children ages 0-17 in poverty (2020),Missouri,"725,117","705,722","744,512","208,410","198,953","217,867"
All people in poverty (2020),Children ages 0-17 in poverty (2020),Montana,"130,711","124,938","136,484","32,949","30,774","35,124"
All people in poverty (2020),Children ages 0-17 in poverty (2020),National,"38,371,394","38,309,115","38,433,673","11,204,423","11,176,652","11,232,194"
All people in poverty (2020),Children ages 0-17 in poverty (2020),Nebraska,"172,623","164,510","180,736","47,064","43,262","50,866"
All people in poverty (2020),Children ages 0-17 in poverty (2020),Nevada,"386,817","371,521","402,113","114,374","108,213","120,535"
All people in poverty (2020),Children ages 0-17 in poverty (2020),New Hampshire,"92,404","86,124","98,684","20,726","18,286","23,166"
All people in poverty (2020),Children ages 0-17 in poverty (2020),New Jersey,"818,389","792,516","844,262","238,944","224,942","252,946"
All people in poverty (2020),Children ages 0-17 in poverty (2020),New Mexico,"346,455","333,987","358,923","99,575","94,068","105,082"
All people in poverty (2020),Children ages 0-17 in poverty (2020),New York,"2,401,141","2,360,458","2,441,824","653,300","631,185","675,415"
All people in poverty (2020),Children ages 0-17 in poverty (2020),North Carolina,"1,329,685","1,298,231","1,361,139","404,731","387,156","422,306"
All people in poverty (2020),Children ages 0-17 in poverty (2020),North Dakota,"75,781","70,920","80,642","19,470","17,757","21,183"
All people in poverty (2020),Children ages 0-17 in poverty (2020),Ohio,"1,428,219","1,398,807","1,457,631","417,333","400,878","433,788"
All people in poverty (2020),Children ages 0-17 in poverty (2020),Oklahoma,"552,168","537,720","566,616","173,405","166,091","180,719"
All people in poverty (2020),Children ages 0-17 in poverty (2020),Oregon,"457,940","442,247","473,633","102,454","95,611","109,297"
All people in poverty (2020),Children ages 0-17 in poverty (2020),Pennsylvania,"1,345,976","1,318,808","1,373,144","367,804","352,972","382,636"
All people in poverty (2020),Children ages 0-17 in poverty (2020),Rhode Island,"108,306","102,273","114,339","28,952","26,720","31,184"
All people in poverty (2020),Children ages 0-17 in poverty (2020),South Carolina,"703,004","681,646","724,362","205,775","196,758","214,792"
All people in poverty (2020),Children ages 0-17 in poverty (2020),South Dakota,"99,903","95,310","104,496","29,754","27,832","31,676"
All people in poverty (2020),Children ages 0-17 in poverty (2020),Tennessee,"911,097","887,430","934,764","272,337","261,026","283,648"
All people in poverty (2020),Children ages 0-17 in poverty (2020),Texas,"3,862,713","3,792,930","3,932,496","1,373,643","1,333,207","1,414,079"
All people in poverty (2020),Children ages 0-17 in poverty (2020),Utah,"234,666","223,042","246,290","68,900","62,582","75,218"
All people in poverty (2020),Children ages 0-17 in poverty (2020),Vermont,"56,281","52,822","59,740","11,061","9,906","12,216"
All people in poverty (2020),Children ages 0-17 in poverty (2020),Virginia,"769,479","747,641","791,317","223,617","212,309","234,925"
All people in poverty (2020),Children ages 0-17 in poverty (2020),Washington,"714,653","692,072","737,234","179,067","167,861","190,273"
All people in poverty (2020),Children ages 0-17 in poverty (2020),West Virginia,"274,176","264,703","283,649","70,402","66,709","74,095"
All people in poverty (2020),Children ages 0-17 in poverty (2020),Wisconsin,"571,049","554,353","587,745","152,597","144,535","160,659"
All people in poverty (2020),Children ages 0-17 in poverty (2020),Wyoming,"52,418","49,007","55,829","13,463","12,061","14,865"

